dataset,best_layer,precision,recall,f1_score,eer
ASVspoof19_LA,9,0.9999044829342842,0.9832190601421371,0.9914915783990276,0.40788579206225206
ASVspoof21_DF,9,0.9906734610424334,0.9978026404522351,0.9942252708102209,5.424151493306601
WaveFake,8,0.9861963190184049,0.7716,0.8657989228007181,5.3599999999996495
In-The-Wild,22,0.43676628522756733,0.9981381178063643,0.6076405883716737,15.580568720370419
