dataset,best_layer,precision,recall,f1_score,eer
ASVspoof19_LA,9,0.999904484454845,0.9832347140039448,0.9914995382757559,0.4101311793619524
WaveFake,8,0.9974413279293033,0.7863760033225126,0.8794218009478673,5.2762430940112335
